Class,ID
gun_shot,5
gun_shot,7
gun_shot,8
gun_shot,9
gun_shot,13
gun_shot,14
gun_shot,16
gun_shot,21
gun_shot,23
gun_shot,25
gun_shot,28
gun_shot,29
gun_shot,30
gun_shot,31
gun_shot,34
gun_shot,39
gun_shot,41
gun_shot,51
gun_shot,53
gun_shot,55
gun_shot,58
gun_shot,62
gun_shot,64
gun_shot,69
gun_shot,70
gun_shot,73
gun_shot,75
gun_shot,85
gun_shot,86
gun_shot,89
gun_shot,94
gun_shot,95
gun_shot,96
gun_shot,98
gun_shot,102
gun_shot,106
gun_shot,107
gun_shot,108
gun_shot,109
gun_shot,110
gun_shot,111
gun_shot,112
gun_shot,115
gun_shot,122
gun_shot,124
gun_shot,126
gun_shot,127
gun_shot,129
gun_shot,133
gun_shot,141
gun_shot,143
gun_shot,144
gun_shot,145
gun_shot,147
gun_shot,150
gun_shot,151
gun_shot,154
gun_shot,155
gun_shot,156
gun_shot,157
gun_shot,158
gun_shot,161
gun_shot,166
gun_shot,169
gun_shot,173
gun_shot,177
gun_shot,180
gun_shot,181
gun_shot,183
gun_shot,190
gun_shot,191
gun_shot,194
gun_shot,195
gun_shot,198
gun_shot,199
gun_shot,201
gun_shot,203
gun_shot,204
gun_shot,205
gun_shot,206
gun_shot,207
gun_shot,209
gun_shot,210
gun_shot,220
gun_shot,225
gun_shot,231
gun_shot,234
gun_shot,237
gun_shot,238
gun_shot,240
gun_shot,241
gun_shot,243
gun_shot,244
gun_shot,254
gun_shot,256
gun_shot,257
gun_shot,259
gun_shot,262
gun_shot,265
gun_shot,266
gun_shot,267
gun_shot,273
gun_shot,274
gun_shot,279
gun_shot,281
gun_shot,283
gun_shot,284
gun_shot,287
gun_shot,289
gun_shot,290
gun_shot,291
gun_shot,292
gun_shot,293
gun_shot,294
gun_shot,296
gun_shot,297
gun_shot,298
gun_shot,302
gun_shot,320
gun_shot,321
gun_shot,325
gun_shot,340
gun_shot,341
gun_shot,344
gun_shot,345
gun_shot,362
gun_shot,373
gun_shot,375
gun_shot,379
gun_shot,384
gun_shot,387
gun_shot,389
gun_shot,390
gun_shot,393
gun_shot,398
gun_shot,399
gun_shot,403
gun_shot,404
gun_shot,405
gun_shot,409
gun_shot,415
gun_shot,416
gun_shot,420
gun_shot,421
gun_shot,422
gun_shot,424
gun_shot,431
gun_shot,432
gun_shot,433
gun_shot,434
gun_shot,439
gun_shot,441
gun_shot,443
gun_shot,448
gun_shot,451
gun_shot,458
gun_shot,460
gun_shot,463
gun_shot,465
gun_shot,466
gun_shot,469
gun_shot,476
gun_shot,478
gun_shot,481
gun_shot,483
gun_shot,487
gun_shot,490
gun_shot,492
gun_shot,494
gun_shot,496
gun_shot,499
gun_shot,502
gun_shot,503
gun_shot,504
gun_shot,505
gun_shot,508
gun_shot,510
gun_shot,514
gun_shot,517
gun_shot,518
gun_shot,521
gun_shot,526
gun_shot,529
gun_shot,530
gun_shot,531
gun_shot,535
gun_shot,536
gun_shot,539
gun_shot,541
gun_shot,545
gun_shot,546
gun_shot,548
gun_shot,550
gun_shot,552
gun_shot,553
gun_shot,558
gun_shot,563
gun_shot,574
gun_shot,577
gun_shot,581
gun_shot,582
gun_shot,588
gun_shot,591
gun_shot,592
gun_shot,595
gun_shot,596
gun_shot,601
gun_shot,602
gun_shot,608
gun_shot,609
gun_shot,616
gun_shot,617
gun_shot,618
gun_shot,625
gun_shot,626
gun_shot,627
gun_shot,628
gun_shot,632
gun_shot,634
gun_shot,637
gun_shot,638
gun_shot,640
gun_shot,641
gun_shot,644
gun_shot,647
gun_shot,649
gun_shot,650
gun_shot,653
gun_shot,667
gun_shot,668
gun_shot,672
gun_shot,674
gun_shot,675
gun_shot,678
gun_shot,680
gun_shot,681
gun_shot,682
gun_shot,696
gun_shot,700
gun_shot,701
gun_shot,706
gun_shot,707
gun_shot,708
gun_shot,711
gun_shot,715
gun_shot,718
gun_shot,723
gun_shot,725
gun_shot,731
gun_shot,736
gun_shot,741
gun_shot,743
gun_shot,745
gun_shot,747
gun_shot,756
gun_shot,759
gun_shot,762
gun_shot,763
gun_shot,767
gun_shot,768
gun_shot,769
gun_shot,774
gun_shot,775
gun_shot,777
gun_shot,779
gun_shot,781
gun_shot,782
gun_shot,786
gun_shot,788
gun_shot,789
gun_shot,793
gun_shot,795
gun_shot,797
gun_shot,800
gun_shot,805
gun_shot,806
gun_shot,808
gun_shot,814
gun_shot,815
gun_shot,818
gun_shot,822
gun_shot,823
gun_shot,827
gun_shot,828
gun_shot,831
gun_shot,836
gun_shot,837
gun_shot,842
gun_shot,846
gun_shot,847
gun_shot,852
gun_shot,856
gun_shot,861
gun_shot,862
gun_shot,866
gun_shot,873
gun_shot,877
gun_shot,879
gun_shot,880
gun_shot,888
gun_shot,890
gun_shot,895
gun_shot,897
gun_shot,902
gun_shot,903
gun_shot,908
gun_shot,909
gun_shot,910
gun_shot,917
gun_shot,918
gun_shot,920
gun_shot,924
gun_shot,931
gun_shot,934
gun_shot,935
gun_shot,936
gun_shot,939
gun_shot,940
gun_shot,942
gun_shot,944
gun_shot,947
gun_shot,949
gun_shot,950
gun_shot,958
gun_shot,960
gun_shot,961
gun_shot,962
gun_shot,966
gun_shot,967
gun_shot,968
gun_shot,969
gun_shot,970
gun_shot,974
gun_shot,976
gun_shot,981
gun_shot,982
gun_shot,983
gun_shot,984
gun_shot,988
gun_shot,989
gun_shot,992
gun_shot,993
gun_shot,994
gun_shot,997
gun_shot,998
gun_shot,999
gun_shot,1002
gun_shot,1005
gun_shot,1009
gun_shot,1010
gun_shot,1011
gun_shot,1012
gun_shot,1013
gun_shot,1016
gun_shot,1019
gun_shot,1020
gun_shot,1023
gun_shot,1031
gun_shot,1033
gun_shot,1035
gun_shot,1037
gun_shot,1039
gun_shot,1041
gun_shot,1046
gun_shot,1050
gun_shot,1053
gun_shot,1057
gun_shot,1060
gun_shot,1064
gun_shot,1065
gun_shot,1067
gun_shot,1073
gun_shot,1075
gun_shot,1081
gun_shot,1084
gun_shot,1086
gun_shot,1093
gun_shot,1094
gun_shot,1095
gun_shot,1097
gun_shot,1099
gun_shot,1101
gun_shot,1102
gun_shot,1103
gun_shot,1104
gun_shot,1107
gun_shot,1108
gun_shot,1109
gun_shot,1110
gun_shot,1111
gun_shot,1114
gun_shot,1117
gun_shot,1121
gun_shot,1122
gun_shot,1123
gun_shot,1124
gun_shot,1125
gun_shot,1127
gun_shot,1128
gun_shot,1130
gun_shot,1132
gun_shot,1135
gun_shot,1136
gun_shot,1138
gun_shot,1140
gun_shot,1141
gun_shot,1142
gun_shot,1144
gun_shot,1146
gun_shot,1153
gun_shot,1154
gun_shot,1155
gun_shot,1159
gun_shot,1161
gun_shot,1163
gun_shot,1164
gun_shot,1165
gun_shot,1166
gun_shot,1167
gun_shot,1169
gun_shot,1170
gun_shot,1171
gun_shot,1172
gun_shot,1173
gun_shot,1177
gun_shot,1178
gun_shot,1179
gun_shot,1184
gun_shot,1185
gun_shot,1190
gun_shot,1192
gun_shot,1193
gun_shot,1194
gun_shot,1196
gun_shot,1197
gun_shot,1198
gun_shot,1199
gun_shot,1201
gun_shot,1202
gun_shot,1204
gun_shot,1207
gun_shot,1208
gun_shot,1211
gun_shot,1212
gun_shot,1213
gun_shot,1215
gun_shot,1216
gun_shot,1221
gun_shot,1222
gun_shot,1223
gun_shot,1225
gun_shot,1227
gun_shot,1229
gun_shot,1233
gun_shot,1234
gun_shot,1238
gun_shot,1239
gun_shot,1247
gun_shot,1249
gun_shot,1250
gun_shot,1253
gun_shot,1254
gun_shot,1258
gun_shot,1260
gun_shot,1263
gun_shot,1264
gun_shot,1266
gun_shot,1268
gun_shot,1274
gun_shot,1280
gun_shot,1281
gun_shot,1282
gun_shot,1283
gun_shot,1284
gun_shot,1285
gun_shot,1288
gun_shot,1290
gun_shot,1291
gun_shot,1293
gun_shot,1299
gun_shot,1304
gun_shot,1307
gun_shot,1309
gun_shot,1313
gun_shot,1315
gun_shot,1320
gun_shot,1324
gun_shot,1325
gun_shot,1331
gun_shot,1333
gun_shot,1336
gun_shot,1340
gun_shot,1342
gun_shot,1343
gun_shot,1344
gun_shot,1348
gun_shot,1354
gun_shot,1359
gun_shot,1360
gun_shot,1362
gun_shot,1364
gun_shot,1369
gun_shot,1372
gun_shot,1373
gun_shot,1374
gun_shot,1375
gun_shot,1376
gun_shot,1379
gun_shot,1382
gun_shot,1383
gun_shot,1387
gun_shot,1389
gun_shot,1391
gun_shot,1392
gun_shot,1395
gun_shot,1397
gun_shot,1401
gun_shot,1402
gun_shot,1403
gun_shot,1406
gun_shot,1407
gun_shot,1408
gun_shot,1410
gun_shot,1411
gun_shot,1413
gun_shot,1416
gun_shot,1420
gun_shot,1421
gun_shot,1422
gun_shot,1424
gun_shot,1426
gun_shot,1427
gun_shot,1429
gun_shot,1430
gun_shot,1433
gun_shot,1434
gun_shot,1438
gun_shot,1439
gun_shot,1440
gun_shot,1441
gun_shot,1442
gun_shot,1443
gun_shot,1445
gun_shot,1451
gun_shot,1453
gun_shot,1455
gun_shot,1456
gun_shot,1457
gun_shot,1463
gun_shot,1464
gun_shot,1465
gun_shot,1466
gun_shot,1474
gun_shot,1476
gun_shot,1482
gun_shot,1484
gun_shot,1486
gun_shot,1487
gun_shot,1490
gun_shot,1494
gun_shot,1495
gun_shot,1499
gun_shot,1504
gun_shot,1505
gun_shot,1507
gun_shot,1509
gun_shot,1513
gun_shot,1514
gun_shot,1519
gun_shot,1522
gun_shot,1524
gun_shot,1526
gun_shot,1533
gun_shot,1535
gun_shot,1538
gun_shot,1539
gun_shot,1541
gun_shot,1543
gun_shot,1544
gun_shot,1545
gun_shot,1553
gun_shot,1557
gun_shot,1559
gun_shot,1566
gun_shot,1568
gun_shot,1572
gun_shot,1575
gun_shot,1576
gun_shot,1577
gun_shot,1580
gun_shot,1582
gun_shot,1583
gun_shot,1585
gun_shot,1587
gun_shot,1590
gun_shot,1592
gun_shot,1594
gun_shot,1595
gun_shot,1596
gun_shot,1600
gun_shot,1609
gun_shot,1610
gun_shot,1611
gun_shot,1617
gun_shot,1619
gun_shot,1620
gun_shot,1622
gun_shot,1624
gun_shot,1625
gun_shot,1627
gun_shot,1631
gun_shot,1637
gun_shot,1638
gun_shot,1641
gun_shot,1642
gun_shot,1643
gun_shot,1644
gun_shot,1645
gun_shot,1646
gun_shot,1650
gun_shot,1654
gun_shot,1655
gun_shot,1657
gun_shot,1658
gun_shot,1659
gun_shot,1662
gun_shot,1665
gun_shot,1668
gun_shot,1670
gun_shot,1671
gun_shot,1676
gun_shot,1682
gun_shot,1683
gun_shot,1684
gun_shot,1685
gun_shot,1691
gun_shot,1692
gun_shot,1693
gun_shot,1694
gun_shot,1696
gun_shot,1698
gun_shot,1700
gun_shot,1707
gun_shot,1710
gun_shot,1712
gun_shot,1717
gun_shot,1721
gun_shot,1723
gun_shot,1726
gun_shot,1732
gun_shot,1733
gun_shot,1735
gun_shot,1740
gun_shot,1742
gun_shot,1743
gun_shot,1747
gun_shot,1752
gun_shot,1753
gun_shot,1756
gun_shot,1757
gun_shot,1758
gun_shot,1759
gun_shot,1762
gun_shot,1764
gun_shot,1770
gun_shot,1772
gun_shot,1775
gun_shot,1778
gun_shot,1781
gun_shot,1784
gun_shot,1785
gun_shot,1788
gun_shot,1790
gun_shot,1793
gun_shot,1797
gun_shot,1798
gun_shot,1799
gun_shot,1804
gun_shot,1810
gun_shot,1811
gun_shot,1814
gun_shot,1815
gun_shot,1821
gun_shot,1823
gun_shot,1824
gun_shot,1833
gun_shot,1835
gun_shot,1838
gun_shot,1844
gun_shot,1845
gun_shot,1846
gun_shot,1851
gun_shot,1852
gun_shot,1855
gun_shot,1857
gun_shot,1859
gun_shot,1860
gun_shot,1861
gun_shot,1862
gun_shot,1865
gun_shot,1875
gun_shot,1878
gun_shot,1880
gun_shot,1882
gun_shot,1884
gun_shot,1885
gun_shot,1887
gun_shot,1888
gun_shot,1900
gun_shot,1902
gun_shot,1903
gun_shot,1905
gun_shot,1906
gun_shot,1907
gun_shot,1909
gun_shot,1911
gun_shot,1912
gun_shot,1915
gun_shot,1920
gun_shot,1926
gun_shot,1928
gun_shot,1930
gun_shot,1931
gun_shot,1934
gun_shot,1939
gun_shot,1942
gun_shot,1951
gun_shot,1953
gun_shot,1954
gun_shot,1955
gun_shot,1959
gun_shot,1961
gun_shot,1962
gun_shot,1964
gun_shot,1965
gun_shot,1969
gun_shot,1972
gun_shot,1975
gun_shot,1979
gun_shot,1981
gun_shot,1983
gun_shot,1984
gun_shot,1985
gun_shot,1989
gun_shot,1990
gun_shot,1993
gun_shot,1995
gun_shot,1998
gun_shot,2003
gun_shot,2005
gun_shot,2006
gun_shot,2007
gun_shot,2011
gun_shot,2012
gun_shot,2014
gun_shot,2015
gun_shot,2021
gun_shot,2024
gun_shot,2027
gun_shot,2030
gun_shot,2032
gun_shot,2034
gun_shot,2035
gun_shot,2039
gun_shot,2041
gun_shot,2044
gun_shot,2046
gun_shot,2052
gun_shot,2053
gun_shot,2058
gun_shot,2059
gun_shot,2060
gun_shot,2061
gun_shot,2062
gun_shot,2065
gun_shot,2068
gun_shot,2069
gun_shot,2071
gun_shot,2074
gun_shot,2075
gun_shot,2076
gun_shot,2079
gun_shot,2085
gun_shot,2086
gun_shot,2088
gun_shot,2092
gun_shot,2093
gun_shot,2097
gun_shot,2100
gun_shot,2109
gun_shot,2110
gun_shot,2111
gun_shot,2112
gun_shot,2114
gun_shot,2115
gun_shot,2118
gun_shot,2119
gun_shot,2120
gun_shot,2128
gun_shot,2131
gun_shot,2136
gun_shot,2137
gun_shot,2143
gun_shot,2146
gun_shot,2147
gun_shot,2151
gun_shot,2153
gun_shot,2155
gun_shot,2158
gun_shot,2159
gun_shot,2161
gun_shot,2164
gun_shot,2165
gun_shot,2166
gun_shot,2167
gun_shot,2172
gun_shot,2175
gun_shot,2176
gun_shot,2177
gun_shot,2178
gun_shot,2181
gun_shot,2183
gun_shot,2187
gun_shot,2189
gun_shot,2202
gun_shot,2203
gun_shot,2207
gun_shot,2208
gun_shot,2211
gun_shot,2213
gun_shot,2214
gun_shot,2215
gun_shot,2221
gun_shot,2222
gun_shot,2223
gun_shot,2231
gun_shot,2232
gun_shot,2234
gun_shot,2239
gun_shot,2242
gun_shot,2243
gun_shot,2245
gun_shot,2248
gun_shot,2255
gun_shot,2257
gun_shot,2261
gun_shot,2263
gun_shot,2266
gun_shot,2267
gun_shot,2268
gun_shot,2270
gun_shot,2271
gun_shot,2272
gun_shot,2274
gun_shot,2276
gun_shot,2280
gun_shot,2281
gun_shot,2283
gun_shot,2284
gun_shot,2285
gun_shot,2286
gun_shot,2288
gun_shot,2289
gun_shot,2292
gun_shot,2294
gun_shot,2296
gun_shot,2298
gun_shot,2305
gun_shot,2311
gun_shot,2315
gun_shot,2316
gun_shot,2317
gun_shot,2320
gun_shot,2321
gun_shot,2322
gun_shot,2325
gun_shot,2326
gun_shot,2328
gun_shot,2331
gun_shot,2334
gun_shot,2336
gun_shot,2337
gun_shot,2341
gun_shot,2342
gun_shot,2346
gun_shot,2348
gun_shot,2350
gun_shot,2352
gun_shot,2355
gun_shot,2356
gun_shot,2357
gun_shot,2359
gun_shot,2361
gun_shot,2362
gun_shot,2365
gun_shot,2367
gun_shot,2370
gun_shot,2374
gun_shot,2375
gun_shot,2376
gun_shot,2377
gun_shot,2381
gun_shot,2383
gun_shot,2385
gun_shot,2387
gun_shot,2391
gun_shot,2392
gun_shot,2393
gun_shot,2396
gun_shot,2397
gun_shot,2399
gun_shot,2400
gun_shot,2406
gun_shot,2407
gun_shot,2409
gun_shot,2417
gun_shot,2422
gun_shot,2423
gun_shot,2426
gun_shot,2429
gun_shot,2431
gun_shot,2434
gun_shot,2435
gun_shot,2436
gun_shot,2437
gun_shot,2440
gun_shot,2442
gun_shot,2451
gun_shot,2457
gun_shot,2459
gun_shot,2467
gun_shot,2469
gun_shot,2471
gun_shot,2472
gun_shot,2475
gun_shot,2476
gun_shot,2481
gun_shot,2482
gun_shot,2483
gun_shot,2486
gun_shot,2490
gun_shot,2491
gun_shot,2492
gun_shot,2495
gun_shot,2496
gun_shot,2500
gun_shot,2502
gun_shot,2504
gun_shot,2508
gun_shot,2514
gun_shot,2518
gun_shot,2519
gun_shot,2520
gun_shot,2521
gun_shot,2522
gun_shot,2525
gun_shot,2527
gun_shot,2528
gun_shot,2530
gun_shot,2533
gun_shot,2535
gun_shot,2537
gun_shot,2540
gun_shot,2546
gun_shot,2551
gun_shot,2554
gun_shot,2556
gun_shot,2559
gun_shot,2561
gun_shot,2562
gun_shot,2563
gun_shot,2565
gun_shot,2566
gun_shot,2579
gun_shot,2583
gun_shot,2589
gun_shot,2590
gun_shot,2591
gun_shot,2599
gun_shot,2602
gun_shot,2606
gun_shot,2609
gun_shot,2611
gun_shot,2615
gun_shot,2617
gun_shot,2618
gun_shot,2621
gun_shot,2622
gun_shot,2626
gun_shot,2627
gun_shot,2628
gun_shot,2629
gun_shot,2630
gun_shot,2631
gun_shot,2633
gun_shot,2635
gun_shot,2638
gun_shot,2642
gun_shot,2643
gun_shot,2649
gun_shot,2654
gun_shot,2655
gun_shot,2656
gun_shot,2660
gun_shot,2663
gun_shot,2667
gun_shot,2670
gun_shot,2672
gun_shot,2673
gun_shot,2675
gun_shot,2681
gun_shot,2683
gun_shot,2688
gun_shot,2692
gun_shot,2693
gun_shot,2694
gun_shot,2696
gun_shot,2698
gun_shot,2701
gun_shot,2704
gun_shot,2708
gun_shot,2712
gun_shot,2715
gun_shot,2716
gun_shot,2719
gun_shot,2720
gun_shot,2724
gun_shot,2727
gun_shot,2729
gun_shot,2731
gun_shot,2734
gun_shot,2735
gun_shot,2737
gun_shot,2742
gun_shot,2743
gun_shot,2745
gun_shot,2748
gun_shot,2749
gun_shot,2753
gun_shot,2755
gun_shot,2758
gun_shot,2759
gun_shot,2761
gun_shot,2762
gun_shot,2767
gun_shot,2768
gun_shot,2772
gun_shot,2777
gun_shot,2778
gun_shot,2782
gun_shot,2786
gun_shot,2793
gun_shot,2796
gun_shot,2798
gun_shot,2799
gun_shot,2803
gun_shot,2804
gun_shot,2806
gun_shot,2809
gun_shot,2810
gun_shot,2812
gun_shot,2814
gun_shot,2816
gun_shot,2817
gun_shot,2818
gun_shot,2820
gun_shot,2822
gun_shot,2823
gun_shot,2826
gun_shot,2827
gun_shot,2833
gun_shot,2834
gun_shot,2838
gun_shot,2839
gun_shot,2841
gun_shot,2843
gun_shot,2844
gun_shot,2845
gun_shot,2847
gun_shot,2848
gun_shot,2852
gun_shot,2853
gun_shot,2856
gun_shot,2859
gun_shot,2860
gun_shot,2861
gun_shot,2866
gun_shot,2867
gun_shot,2868
gun_shot,2874
gun_shot,2876
gun_shot,2877
gun_shot,2879
gun_shot,2880
gun_shot,2882
gun_shot,2883
gun_shot,2885
gun_shot,2886
gun_shot,2888
gun_shot,2893
gun_shot,2894
gun_shot,2895
gun_shot,2897
gun_shot,2904
gun_shot,2905
gun_shot,2906
gun_shot,2908
gun_shot,2916
gun_shot,2919
gun_shot,2923
gun_shot,2937
gun_shot,2938
gun_shot,2941
gun_shot,2947
gun_shot,2948
gun_shot,2949
gun_shot,2952
gun_shot,2953
gun_shot,2958
gun_shot,2964
gun_shot,2965
gun_shot,2967
gun_shot,2968
gun_shot,2970
gun_shot,2973
gun_shot,2975
gun_shot,2977
gun_shot,2978
gun_shot,2979
gun_shot,2981
gun_shot,2985
gun_shot,2990
gun_shot,2999
gun_shot,3000
gun_shot,3002
gun_shot,3005
gun_shot,3007
gun_shot,3009
gun_shot,3010
gun_shot,3015
gun_shot,3017
gun_shot,3019
gun_shot,3022
gun_shot,3023
gun_shot,3025
gun_shot,3028
gun_shot,3029
gun_shot,3031
gun_shot,3035
gun_shot,3039
gun_shot,3040
gun_shot,3041
gun_shot,3043
gun_shot,3044
gun_shot,3045
gun_shot,3047
gun_shot,3048
gun_shot,3049
gun_shot,3053
gun_shot,3057
gun_shot,3058
gun_shot,3059
gun_shot,3064
gun_shot,3065
gun_shot,3067
gun_shot,3072
gun_shot,3073
gun_shot,3076
gun_shot,3079
gun_shot,3080
gun_shot,3083
gun_shot,3084
gun_shot,3086
gun_shot,3088
gun_shot,3090
gun_shot,3093
gun_shot,3100
gun_shot,3106
gun_shot,3107
gun_shot,3109
gun_shot,3111
gun_shot,3113
gun_shot,3114
gun_shot,3116
gun_shot,3119
gun_shot,3122
gun_shot,3124
gun_shot,3129
gun_shot,3132
gun_shot,3134
gun_shot,3137
gun_shot,3139
gun_shot,3141
gun_shot,3142
gun_shot,3145
gun_shot,3149
gun_shot,3158
gun_shot,3166
gun_shot,3173
gun_shot,3174
gun_shot,3175
gun_shot,3181
gun_shot,3183
gun_shot,3184
gun_shot,3193
gun_shot,3198
gun_shot,3201
gun_shot,3203
gun_shot,3204
gun_shot,3208
gun_shot,3210
gun_shot,3212
gun_shot,3217
gun_shot,3219
gun_shot,3222
gun_shot,3224
gun_shot,3228
gun_shot,3234
gun_shot,3241
gun_shot,3242
gun_shot,3243
gun_shot,3245
gun_shot,3247
gun_shot,3249
gun_shot,3251
gun_shot,3252
gun_shot,3253
gun_shot,3255
gun_shot,3256
gun_shot,3260
gun_shot,3263
gun_shot,3265
gun_shot,3269
gun_shot,3274
gun_shot,3280
gun_shot,3282
gun_shot,3284
gun_shot,3287
gun_shot,3289
gun_shot,3290
gun_shot,3295
gun_shot,3300
gun_shot,3303
gun_shot,3304
gun_shot,3309
gun_shot,3311
gun_shot,3312
gun_shot,3313
gun_shot,3314
gun_shot,3315
gun_shot,3326
gun_shot,3327
gun_shot,3329
gun_shot,3335
gun_shot,3339
gun_shot,3340
gun_shot,3341
gun_shot,3342
gun_shot,3346
gun_shot,3348
gun_shot,3356
gun_shot,3359
gun_shot,3361
gun_shot,3366
gun_shot,3368
gun_shot,3372
gun_shot,3374
gun_shot,3377
gun_shot,3378
gun_shot,3380
gun_shot,3382
gun_shot,3384
gun_shot,3385
gun_shot,3386
gun_shot,3391
gun_shot,3393
gun_shot,3396
gun_shot,3402
gun_shot,3403
gun_shot,3405
gun_shot,3408
gun_shot,3410
gun_shot,3411
gun_shot,3412
gun_shot,3414
gun_shot,3421
gun_shot,3424
gun_shot,3426
gun_shot,3427
gun_shot,3428
gun_shot,3430
gun_shot,3431
gun_shot,3438
gun_shot,3440
gun_shot,3447
gun_shot,3448
gun_shot,3450
gun_shot,3456
gun_shot,3457
gun_shot,3460
gun_shot,3463
gun_shot,3466
gun_shot,3468
gun_shot,3472
gun_shot,3476
gun_shot,3479
gun_shot,3484
gun_shot,3485
gun_shot,3487
gun_shot,3488
gun_shot,3490
gun_shot,3494
gun_shot,3497
gun_shot,3498
gun_shot,3500
gun_shot,3502
gun_shot,3505
gun_shot,3506
gun_shot,3511
gun_shot,3512
gun_shot,3513
gun_shot,3521
gun_shot,3524
gun_shot,3527
gun_shot,3530
gun_shot,3532
gun_shot,3535
gun_shot,3541
gun_shot,3544
gun_shot,3552
gun_shot,3553
gun_shot,3557
gun_shot,3558
gun_shot,3559
gun_shot,3562
gun_shot,3563
gun_shot,3564
gun_shot,3565
gun_shot,3570
gun_shot,3571
gun_shot,3572
gun_shot,3573
gun_shot,3575
gun_shot,3576
gun_shot,3578
gun_shot,3581
gun_shot,3586
gun_shot,3589
gun_shot,3592
gun_shot,3593
gun_shot,3594
gun_shot,3600
gun_shot,3601
gun_shot,3602
gun_shot,3605
gun_shot,3612
gun_shot,3615
gun_shot,3616
gun_shot,3617
gun_shot,3618
gun_shot,3620
gun_shot,3623
gun_shot,3625
gun_shot,3631
gun_shot,3633
gun_shot,3635
gun_shot,3636
gun_shot,3638
gun_shot,3641
gun_shot,3643
gun_shot,3650
gun_shot,3651
gun_shot,3655
gun_shot,3665
gun_shot,3667
gun_shot,3673
gun_shot,3677
gun_shot,3684
gun_shot,3690
gun_shot,3692
gun_shot,3693
gun_shot,3694
gun_shot,3699
gun_shot,3701
gun_shot,3704
gun_shot,3705
gun_shot,3707
gun_shot,3710
gun_shot,3712
gun_shot,3713
gun_shot,3715
gun_shot,3716
gun_shot,3720
gun_shot,3722
gun_shot,3723
gun_shot,3727
gun_shot,3730
gun_shot,3733
gun_shot,3736
gun_shot,3737
gun_shot,3740
gun_shot,3743
gun_shot,3744
gun_shot,3746
gun_shot,3748
gun_shot,3755
gun_shot,3757
gun_shot,3761
gun_shot,3767
gun_shot,3768
gun_shot,3769
gun_shot,3773
gun_shot,3774
gun_shot,3775
gun_shot,3777
gun_shot,3779
gun_shot,3780
gun_shot,3786
gun_shot,3789
gun_shot,3793
gun_shot,3794
gun_shot,3795
gun_shot,3796
gun_shot,3797
gun_shot,3801
gun_shot,3802
gun_shot,3804
gun_shot,3807
gun_shot,3809
gun_shot,3810
gun_shot,3812
gun_shot,3814
gun_shot,3815
gun_shot,3817
gun_shot,3818
gun_shot,3824
gun_shot,3825
gun_shot,3826
gun_shot,3829
gun_shot,3831
gun_shot,3832
gun_shot,3835
gun_shot,3837
gun_shot,3841
gun_shot,3845
gun_shot,3849
gun_shot,3852
gun_shot,3856
gun_shot,3857
gun_shot,3858
gun_shot,3862
gun_shot,3865
gun_shot,3867
gun_shot,3872
gun_shot,3873
gun_shot,3874
gun_shot,3875
gun_shot,3876
gun_shot,3892
gun_shot,3897
gun_shot,3899
gun_shot,3901
gun_shot,3904
gun_shot,3907
gun_shot,3908
gun_shot,3912
gun_shot,3913
gun_shot,3917
gun_shot,3922
gun_shot,3923
gun_shot,3926
gun_shot,3928
gun_shot,3931
gun_shot,3935
gun_shot,3937
gun_shot,3942
gun_shot,3946
gun_shot,3949
gun_shot,3950
gun_shot,3952
gun_shot,3953
gun_shot,3954
gun_shot,3957
gun_shot,3958
gun_shot,3961
gun_shot,3963
gun_shot,3964
gun_shot,3971
gun_shot,3974
gun_shot,3976
gun_shot,3977
gun_shot,3979
gun_shot,3980
gun_shot,3989
gun_shot,3990
gun_shot,3991
gun_shot,3995
gun_shot,3996
gun_shot,4005
gun_shot,4007
gun_shot,4008
gun_shot,4013
gun_shot,4016
gun_shot,4019
gun_shot,4020
gun_shot,4023
gun_shot,4025
gun_shot,4026
gun_shot,4031
gun_shot,4033
gun_shot,4034
gun_shot,4035
gun_shot,4036
gun_shot,4037
gun_shot,4040
gun_shot,4042
gun_shot,4043
gun_shot,4047
gun_shot,4048
gun_shot,4051
gun_shot,4052
gun_shot,4053
gun_shot,4059
gun_shot,4060
gun_shot,4061
gun_shot,4063
gun_shot,4065
gun_shot,4071
gun_shot,4072
gun_shot,4074
gun_shot,4079
gun_shot,4082
gun_shot,4088
gun_shot,4090
gun_shot,4092
gun_shot,4098
gun_shot,4099
gun_shot,4105
gun_shot,4107
gun_shot,4108
gun_shot,4109
gun_shot,4112
gun_shot,4113
gun_shot,4114
gun_shot,4115
gun_shot,4116
gun_shot,4120
gun_shot,4124
gun_shot,4127
gun_shot,4132
gun_shot,4133
gun_shot,4136
gun_shot,4141
gun_shot,4144
gun_shot,4145
gun_shot,4147
gun_shot,4148
gun_shot,4149
gun_shot,4150
gun_shot,4151
gun_shot,4152
gun_shot,4153
gun_shot,4154
gun_shot,4156
gun_shot,4157
gun_shot,4165
gun_shot,4167
gun_shot,4173
gun_shot,4176
gun_shot,4177
gun_shot,4185
gun_shot,4186
gun_shot,4187
gun_shot,4188
gun_shot,4192
gun_shot,4194
gun_shot,4195
gun_shot,4196
gun_shot,4202
gun_shot,4208
gun_shot,4209
gun_shot,4211
gun_shot,4212
gun_shot,4213
gun_shot,4214
gun_shot,4215
gun_shot,4219
gun_shot,4221
gun_shot,4223
gun_shot,4225
gun_shot,4229
gun_shot,4230
gun_shot,4233
gun_shot,4237
gun_shot,4238
gun_shot,4240
gun_shot,4243
gun_shot,4245
gun_shot,4250
gun_shot,4251
gun_shot,4258
gun_shot,4259
gun_shot,4261
gun_shot,4264
gun_shot,4266
gun_shot,4268
gun_shot,4269
gun_shot,4270
gun_shot,4271
gun_shot,4275
gun_shot,4276
gun_shot,4280
gun_shot,4282
gun_shot,4283
gun_shot,4284
gun_shot,4292
gun_shot,4294
gun_shot,4295
gun_shot,4296
gun_shot,4298
gun_shot,4300
gun_shot,4302
gun_shot,4304
gun_shot,4305
gun_shot,4306
gun_shot,4308
gun_shot,4309
gun_shot,4310
gun_shot,4312
gun_shot,4315
gun_shot,4318
gun_shot,4321
gun_shot,4322
gun_shot,4325
gun_shot,4329
gun_shot,4330
gun_shot,4332
gun_shot,4334
gun_shot,4336
gun_shot,4339
gun_shot,4340
gun_shot,4342
gun_shot,4343
gun_shot,4344
gun_shot,4345
gun_shot,4347
gun_shot,4348
gun_shot,4354
gun_shot,4355
gun_shot,4357
gun_shot,4360
gun_shot,4368
gun_shot,4370
gun_shot,4373
gun_shot,4376
gun_shot,4377
gun_shot,4380
gun_shot,4383
gun_shot,4385
gun_shot,4387
gun_shot,4388
gun_shot,4391
gun_shot,4395
gun_shot,4398
gun_shot,4399
gun_shot,4402
gun_shot,4403
gun_shot,4404
gun_shot,4405
gun_shot,4407
gun_shot,4409
gun_shot,4410
gun_shot,4414
gun_shot,4419
gun_shot,4421
gun_shot,4423
gun_shot,4434
gun_shot,4435
gun_shot,4441
gun_shot,4445
gun_shot,4447
gun_shot,4448
gun_shot,4452
gun_shot,4455
gun_shot,4457
gun_shot,4460
gun_shot,4465
gun_shot,4466
gun_shot,4468
gun_shot,4469
gun_shot,4470
gun_shot,4471
gun_shot,4477
gun_shot,4478
gun_shot,4479
gun_shot,4484
gun_shot,4488
gun_shot,4489
gun_shot,4494
gun_shot,4495
gun_shot,4496
gun_shot,4497
gun_shot,4501
gun_shot,4505
gun_shot,4507
gun_shot,4508
gun_shot,4512
gun_shot,4516
gun_shot,4517
gun_shot,4518
gun_shot,4519
gun_shot,4520
gun_shot,4524
gun_shot,4533
gun_shot,4537
gun_shot,4538
gun_shot,4543
gun_shot,4544
gun_shot,4546
gun_shot,4548
gun_shot,4550
gun_shot,4551
gun_shot,4552
gun_shot,4553
gun_shot,4555
gun_shot,4558
gun_shot,4560
gun_shot,4564
gun_shot,4565
gun_shot,4567
gun_shot,4576
gun_shot,4577
gun_shot,4579
gun_shot,4580
gun_shot,4582
gun_shot,4586
gun_shot,4587
gun_shot,4588
gun_shot,4590
gun_shot,4591
gun_shot,4593
gun_shot,4594
gun_shot,4596
gun_shot,4597
gun_shot,4600
gun_shot,4603
gun_shot,4605
gun_shot,4606
gun_shot,4608
gun_shot,4615
gun_shot,4620
gun_shot,4621
gun_shot,4624
gun_shot,4626
gun_shot,4627
gun_shot,4631
gun_shot,4638
gun_shot,4639
gun_shot,4642
gun_shot,4644
gun_shot,4649
gun_shot,4654
gun_shot,4656
gun_shot,4660
gun_shot,4664
gun_shot,4670
gun_shot,4671
gun_shot,4673
gun_shot,4675
gun_shot,4678
gun_shot,4681
gun_shot,4687
gun_shot,4689
gun_shot,4691
gun_shot,4694
gun_shot,4696
gun_shot,4699
gun_shot,4700
gun_shot,4701
gun_shot,4706
gun_shot,4709
gun_shot,4710
gun_shot,4711
gun_shot,4712
gun_shot,4713
gun_shot,4717
gun_shot,4719
gun_shot,4720
gun_shot,4727
gun_shot,4731
gun_shot,4734
gun_shot,4738
gun_shot,4744
gun_shot,4751
gun_shot,4757
gun_shot,4760
gun_shot,4761
gun_shot,4765
gun_shot,4768
gun_shot,4771
gun_shot,4772
gun_shot,4773
gun_shot,4774
gun_shot,4777
gun_shot,4779
gun_shot,4780
gun_shot,4782
gun_shot,4797
gun_shot,4798
gun_shot,4802
gun_shot,4808
gun_shot,4809
gun_shot,4811
gun_shot,4812
gun_shot,4813
gun_shot,4814
gun_shot,4815
gun_shot,4816
gun_shot,4817
gun_shot,4818
gun_shot,4819
gun_shot,4825
gun_shot,4831
gun_shot,4838
gun_shot,4841
gun_shot,4845
gun_shot,4848
gun_shot,4849
gun_shot,4850
gun_shot,4855
gun_shot,4856
gun_shot,4859
gun_shot,4862
gun_shot,4865
gun_shot,4868
gun_shot,4869
gun_shot,4871
gun_shot,4872
gun_shot,4874
gun_shot,4875
gun_shot,4876
gun_shot,4878
gun_shot,4882
gun_shot,4885
gun_shot,4891
gun_shot,4892
gun_shot,4893
gun_shot,4897
gun_shot,4898
gun_shot,4901
gun_shot,4908
gun_shot,4910
gun_shot,4915
gun_shot,4922
gun_shot,4929
gun_shot,4930
gun_shot,4932
gun_shot,4933
gun_shot,4935
gun_shot,4936
gun_shot,4939
gun_shot,4941
gun_shot,4944
gun_shot,4946
gun_shot,4949
gun_shot,4951
gun_shot,4954
gun_shot,4955
gun_shot,4957
gun_shot,4958
gun_shot,4967
gun_shot,4969
gun_shot,4971
gun_shot,4975
gun_shot,4977
gun_shot,4978
gun_shot,4979
gun_shot,4980
gun_shot,4981
gun_shot,4982
gun_shot,4983
gun_shot,4987
gun_shot,4995
gun_shot,4998
gun_shot,4999
gun_shot,5000
gun_shot,5006
gun_shot,5007
gun_shot,5008
gun_shot,5009
gun_shot,5012
gun_shot,5014
gun_shot,5015
gun_shot,5016
gun_shot,5018
gun_shot,5020
gun_shot,5024
gun_shot,5026
gun_shot,5027
gun_shot,5030
gun_shot,5036
gun_shot,5039
gun_shot,5041
gun_shot,5047
gun_shot,5048
gun_shot,5050
gun_shot,5053
gun_shot,5054
gun_shot,5056
gun_shot,5061
gun_shot,5062
gun_shot,5066
gun_shot,5070
gun_shot,5078
gun_shot,5079
gun_shot,5080
gun_shot,5083
gun_shot,5086
gun_shot,5087
gun_shot,5090
gun_shot,5091
gun_shot,5093
gun_shot,5097
gun_shot,5098
gun_shot,5101
gun_shot,5102
gun_shot,5104
gun_shot,5105
gun_shot,5108
gun_shot,5111
gun_shot,5113
gun_shot,5115
gun_shot,5116
gun_shot,5120
gun_shot,5123
gun_shot,5124
gun_shot,5126
gun_shot,5131
gun_shot,5136
gun_shot,5137
gun_shot,5139
gun_shot,5143
gun_shot,5144
gun_shot,5145
gun_shot,5150
gun_shot,5152
gun_shot,5153
gun_shot,5155
gun_shot,5156
gun_shot,5160
gun_shot,5161
gun_shot,5162
gun_shot,5163
gun_shot,5164
gun_shot,5166
gun_shot,5167
gun_shot,5168
gun_shot,5170
gun_shot,5179
gun_shot,5182
gun_shot,5184
gun_shot,5185
gun_shot,5187
gun_shot,5192
gun_shot,5193
gun_shot,5194
gun_shot,5197
gun_shot,5203
gun_shot,5204
gun_shot,5207
gun_shot,5208
gun_shot,5212
gun_shot,5213
gun_shot,5215
gun_shot,5220
gun_shot,5222
gun_shot,5224
gun_shot,5229
gun_shot,5230
gun_shot,5231
gun_shot,5232
gun_shot,5235
gun_shot,5238
gun_shot,5240
gun_shot,5242
gun_shot,5245
gun_shot,5249
gun_shot,5250
gun_shot,5252
gun_shot,5254
gun_shot,5256
gun_shot,5258
gun_shot,5260
gun_shot,5261
gun_shot,5267
gun_shot,5269
gun_shot,5273
gun_shot,5274
gun_shot,5275
gun_shot,5276
gun_shot,5280
gun_shot,5282
gun_shot,5285
gun_shot,5286
gun_shot,5287
gun_shot,5288
gun_shot,5293
gun_shot,5295
gun_shot,5296
gun_shot,5298
gun_shot,5300
gun_shot,5301
gun_shot,5303
gun_shot,5305
gun_shot,5306
gun_shot,5311
gun_shot,5317
gun_shot,5318
gun_shot,5325
gun_shot,5327
gun_shot,5330
gun_shot,5332
gun_shot,5334
gun_shot,5335
gun_shot,5337
gun_shot,5339
gun_shot,5341
gun_shot,5342
gun_shot,5346
gun_shot,5349
gun_shot,5354
gun_shot,5355
gun_shot,5358
gun_shot,5362
gun_shot,5363
gun_shot,5365
gun_shot,5366
gun_shot,5367
gun_shot,5368
gun_shot,5372
gun_shot,5375
gun_shot,5377
gun_shot,5379
gun_shot,5381
gun_shot,5383
gun_shot,5386
gun_shot,5387
gun_shot,5388
gun_shot,5392
gun_shot,5393
gun_shot,5396
gun_shot,5399
gun_shot,5401
gun_shot,5402
gun_shot,5404
gun_shot,5408
gun_shot,5410
gun_shot,5413
gun_shot,5419
gun_shot,5420
gun_shot,5421
gun_shot,5422
gun_shot,5424
gun_shot,5425
gun_shot,5428
gun_shot,5430
gun_shot,5431
gun_shot,5434
gun_shot,5439
gun_shot,5440
gun_shot,5442
gun_shot,5443
gun_shot,5446
gun_shot,5449
gun_shot,5450
gun_shot,5451
gun_shot,5453
gun_shot,5454
gun_shot,5455
gun_shot,5457
gun_shot,5458
gun_shot,5462
gun_shot,5463
gun_shot,5464
gun_shot,5467
gun_shot,5468
gun_shot,5469
gun_shot,5470
gun_shot,5471
gun_shot,5474
gun_shot,5475
gun_shot,5478
gun_shot,5479
gun_shot,5482
gun_shot,5484
gun_shot,5485
gun_shot,5490
gun_shot,5491
gun_shot,5496
gun_shot,5500
gun_shot,5501
gun_shot,5502
gun_shot,5506
gun_shot,5510
gun_shot,5516
gun_shot,5517
gun_shot,5520
gun_shot,5525
gun_shot,5527
gun_shot,5529
gun_shot,5531
gun_shot,5532
gun_shot,5536
gun_shot,5538
gun_shot,5539
gun_shot,5541
gun_shot,5549
gun_shot,5550
gun_shot,5551
gun_shot,5552
gun_shot,5555
gun_shot,5563
gun_shot,5567
gun_shot,5568
gun_shot,5569
gun_shot,5573
gun_shot,5575
gun_shot,5576
gun_shot,5578
gun_shot,5579
gun_shot,5580
gun_shot,5581
gun_shot,5584
gun_shot,5590
gun_shot,5591
gun_shot,5593
gun_shot,5595
gun_shot,5596
gun_shot,5602
gun_shot,5603
gun_shot,5604
gun_shot,5606
gun_shot,5608
gun_shot,5617
gun_shot,5618
gun_shot,5620
gun_shot,5621
gun_shot,5622
gun_shot,5629
gun_shot,5630
gun_shot,5632
gun_shot,5633
gun_shot,5636
gun_shot,5643
gun_shot,5646
gun_shot,5647
gun_shot,5648
gun_shot,5651
gun_shot,5656
gun_shot,5657
gun_shot,5665
gun_shot,5666
gun_shot,5667
gun_shot,5674
gun_shot,5675
gun_shot,5677
gun_shot,5679
gun_shot,5685
gun_shot,5686
gun_shot,5688
gun_shot,5693
gun_shot,5694
gun_shot,5696
gun_shot,5700
gun_shot,5703
gun_shot,5708
gun_shot,5717
gun_shot,5718
gun_shot,5720
gun_shot,5727
gun_shot,5728
gun_shot,5729
gun_shot,5737
gun_shot,5738
gun_shot,5743
gun_shot,5747
gun_shot,5748
gun_shot,5749
gun_shot,5752
gun_shot,5753
gun_shot,5754
gun_shot,5756
gun_shot,5759
gun_shot,5766
gun_shot,5775
gun_shot,5776
gun_shot,5777
gun_shot,5779
gun_shot,5781
gun_shot,5782
gun_shot,5785
gun_shot,5787
gun_shot,5789
gun_shot,5792
gun_shot,5793
gun_shot,5794
gun_shot,5795
gun_shot,5797
gun_shot,5798
gun_shot,5801
gun_shot,5803
gun_shot,5804
gun_shot,5805
gun_shot,5807
gun_shot,5809
gun_shot,5810
gun_shot,5811
gun_shot,5812
gun_shot,5814
gun_shot,5819
gun_shot,5821
gun_shot,5823
gun_shot,5828
gun_shot,5830
gun_shot,5831
gun_shot,5834
gun_shot,5836
gun_shot,5838
gun_shot,5839
gun_shot,5843
gun_shot,5845
gun_shot,5846
gun_shot,5849
gun_shot,5853
gun_shot,5855
gun_shot,5860
gun_shot,5861
gun_shot,5866
gun_shot,5868
gun_shot,5872
gun_shot,5873
gun_shot,5875
gun_shot,5878
gun_shot,5880
gun_shot,5883
gun_shot,5884
gun_shot,5885
gun_shot,5894
gun_shot,5895
gun_shot,5896
gun_shot,5898
gun_shot,5899
gun_shot,5905
gun_shot,5910
gun_shot,5911
gun_shot,5913
gun_shot,5916
gun_shot,5919
gun_shot,5920
gun_shot,5923
gun_shot,5924
gun_shot,5929
gun_shot,5930
gun_shot,5931
gun_shot,5935
gun_shot,5938
gun_shot,5939
gun_shot,5945
gun_shot,5946
gun_shot,5955
gun_shot,5956
gun_shot,5958
gun_shot,5959
gun_shot,5961
gun_shot,5965
gun_shot,5967
gun_shot,5969
gun_shot,5970
gun_shot,5971
gun_shot,5972
gun_shot,5973
gun_shot,5974
gun_shot,5975
gun_shot,5978
gun_shot,5979
gun_shot,5981
gun_shot,5986
gun_shot,5987
gun_shot,5991
gun_shot,5993
gun_shot,5998
gun_shot,6000
gun_shot,6006
gun_shot,6008
gun_shot,6011
gun_shot,6018
gun_shot,6024
gun_shot,6028
gun_shot,6032
gun_shot,6036
gun_shot,6037
gun_shot,6038
gun_shot,6039
gun_shot,6042
gun_shot,6043
gun_shot,6044
gun_shot,6045
gun_shot,6048
gun_shot,6052
gun_shot,6057
gun_shot,6058
gun_shot,6060
gun_shot,6062
gun_shot,6064
gun_shot,6065
gun_shot,6067
gun_shot,6069
gun_shot,6071
gun_shot,6073
gun_shot,6075
gun_shot,6076
gun_shot,6078
gun_shot,6084
gun_shot,6090
gun_shot,6093
gun_shot,6097
gun_shot,6102
gun_shot,6105
gun_shot,6106
gun_shot,6110
gun_shot,6111
gun_shot,6112
gun_shot,6113
gun_shot,6114
gun_shot,6122
gun_shot,6124
gun_shot,6125
gun_shot,6126
gun_shot,6127
gun_shot,6128
gun_shot,6135
gun_shot,6143
gun_shot,6146
gun_shot,6147
gun_shot,6148
gun_shot,6150
gun_shot,6155
gun_shot,6157
gun_shot,6164
gun_shot,6166
gun_shot,6167
gun_shot,6168
gun_shot,6176
gun_shot,6178
gun_shot,6182
gun_shot,6184
gun_shot,6185
gun_shot,6186
gun_shot,6190
gun_shot,6192
gun_shot,6195
gun_shot,6199
gun_shot,6200
gun_shot,6201
gun_shot,6202
gun_shot,6203
gun_shot,6207
gun_shot,6208
gun_shot,6209
gun_shot,6216
gun_shot,6218
gun_shot,6221
gun_shot,6223
gun_shot,6225
gun_shot,6226
gun_shot,6228
gun_shot,6231
gun_shot,6233
gun_shot,6236
gun_shot,6237
gun_shot,6238
gun_shot,6240
gun_shot,6242
gun_shot,6246
gun_shot,6250
gun_shot,6251
gun_shot,6252
gun_shot,6253
gun_shot,6254
gun_shot,6257
gun_shot,6261
gun_shot,6264
gun_shot,6267
gun_shot,6269
gun_shot,6273
gun_shot,6275
gun_shot,6276
gun_shot,6277
gun_shot,6280
gun_shot,6281
gun_shot,6285
gun_shot,6289
gun_shot,6299
gun_shot,6301
gun_shot,6302
gun_shot,6303
gun_shot,6306
gun_shot,6307
gun_shot,6312
gun_shot,6313
gun_shot,6315
gun_shot,6316
gun_shot,6320
gun_shot,6325
gun_shot,6330
gun_shot,6334
gun_shot,6342
gun_shot,6344
gun_shot,6349
gun_shot,6350
gun_shot,6352
gun_shot,6353
gun_shot,6356
gun_shot,6360
gun_shot,6361
gun_shot,6362
gun_shot,6363
gun_shot,6365
gun_shot,6368
gun_shot,6369
gun_shot,6373
gun_shot,6383
gun_shot,6384
gun_shot,6385
gun_shot,6386
gun_shot,6388
gun_shot,6390
gun_shot,6391
gun_shot,6396
gun_shot,6397
gun_shot,6398
gun_shot,6399
gun_shot,6400
gun_shot,6401
gun_shot,6405
gun_shot,6406
gun_shot,6407
gun_shot,6410
gun_shot,6415
gun_shot,6419
gun_shot,6421
gun_shot,6425
gun_shot,6428
gun_shot,6429
gun_shot,6430
gun_shot,6433
gun_shot,6438
gun_shot,6439
gun_shot,6444
gun_shot,6447
gun_shot,6458
gun_shot,6465
gun_shot,6470
gun_shot,6471
gun_shot,6472
gun_shot,6476
gun_shot,6479
gun_shot,6481
gun_shot,6482
gun_shot,6485
gun_shot,6488
gun_shot,6489
gun_shot,6491
gun_shot,6492
gun_shot,6494
gun_shot,6495
gun_shot,6499
gun_shot,6501
gun_shot,6503
gun_shot,6504
gun_shot,6513
gun_shot,6514
gun_shot,6519
gun_shot,6525
gun_shot,6526
gun_shot,6532
gun_shot,6533
gun_shot,6538
gun_shot,6539
gun_shot,6540
gun_shot,6541
gun_shot,6545
gun_shot,6554
gun_shot,6561
gun_shot,6564
gun_shot,6567
gun_shot,6569
gun_shot,6571
gun_shot,6576
gun_shot,6577
gun_shot,6578
gun_shot,6581
gun_shot,6582
gun_shot,6584
gun_shot,6585
gun_shot,6586
gun_shot,6587
gun_shot,6588
gun_shot,6590
gun_shot,6591
gun_shot,6593
gun_shot,6594
gun_shot,6597
gun_shot,6598
gun_shot,6601
gun_shot,6605
gun_shot,6611
gun_shot,6612
gun_shot,6613
gun_shot,6615
gun_shot,6617
gun_shot,6622
gun_shot,6624
gun_shot,6625
gun_shot,6627
gun_shot,6632
gun_shot,6636
gun_shot,6639
gun_shot,6645
gun_shot,6646
gun_shot,6650
gun_shot,6657
gun_shot,6658
gun_shot,6663
gun_shot,6666
gun_shot,6669
gun_shot,6670
gun_shot,6672
gun_shot,6673
gun_shot,6675
gun_shot,6678
gun_shot,6680
gun_shot,6682
gun_shot,6684
gun_shot,6685
gun_shot,6686
gun_shot,6687
gun_shot,6688
gun_shot,6690
gun_shot,6695
gun_shot,6697
gun_shot,6699
gun_shot,6700
gun_shot,6701
gun_shot,6702
gun_shot,6704
gun_shot,6705
gun_shot,6706
gun_shot,6707
gun_shot,6709
gun_shot,6711
gun_shot,6713
gun_shot,6718
gun_shot,6720
gun_shot,6727
gun_shot,6733
gun_shot,6743
gun_shot,6744
gun_shot,6745
gun_shot,6751
gun_shot,6756
gun_shot,6758
gun_shot,6761
gun_shot,6762
gun_shot,6766
gun_shot,6776
gun_shot,6780
gun_shot,6784
gun_shot,6785
gun_shot,6787
gun_shot,6788
gun_shot,6789
gun_shot,6794
gun_shot,6795
gun_shot,6796
gun_shot,6798
gun_shot,6799
gun_shot,6801
gun_shot,6803
gun_shot,6805
gun_shot,6806
gun_shot,6807
gun_shot,6808
gun_shot,6809
gun_shot,6814
gun_shot,6825
gun_shot,6827
gun_shot,6828
gun_shot,6833
gun_shot,6834
gun_shot,6838
gun_shot,6842
gun_shot,6843
gun_shot,6845
gun_shot,6848
gun_shot,6849
gun_shot,6854
gun_shot,6858
gun_shot,6859
gun_shot,6861
gun_shot,6862
gun_shot,6863
gun_shot,6867
gun_shot,6868
gun_shot,6870
gun_shot,6873
gun_shot,6874
gun_shot,6876
gun_shot,6884
gun_shot,6885
gun_shot,6887
gun_shot,6890
gun_shot,6894
gun_shot,6897
gun_shot,6899
gun_shot,6904
gun_shot,6905
gun_shot,6913
gun_shot,6916
gun_shot,6917
gun_shot,6919
gun_shot,6921
gun_shot,6924
gun_shot,6927
gun_shot,6930
gun_shot,6936
gun_shot,6940
gun_shot,6941
gun_shot,6944
gun_shot,6950
gun_shot,6951
gun_shot,6952
gun_shot,6953
gun_shot,6957
gun_shot,6959
gun_shot,6960
gun_shot,6962
gun_shot,6964
gun_shot,6968
gun_shot,6972
gun_shot,6978
gun_shot,6980
gun_shot,6983
gun_shot,6987
gun_shot,6988
gun_shot,6989
gun_shot,6994
gun_shot,6995
gun_shot,6996
gun_shot,6997
gun_shot,7011
gun_shot,7021
gun_shot,7023
gun_shot,7024
gun_shot,7033
gun_shot,7034
gun_shot,7037
gun_shot,7038
gun_shot,7043
gun_shot,7044
gun_shot,7045
gun_shot,7047
gun_shot,7050
gun_shot,7056
gun_shot,7058
gun_shot,7071
gun_shot,7080
gun_shot,7089
gun_shot,7090
gun_shot,7092
gun_shot,7093
gun_shot,7097
gun_shot,7098
gun_shot,7099
gun_shot,7101
gun_shot,7102
gun_shot,7103
gun_shot,7104
gun_shot,7106
gun_shot,7117
gun_shot,7119
gun_shot,7120
gun_shot,7122
gun_shot,7123
gun_shot,7125
gun_shot,7127
gun_shot,7128
gun_shot,7130
gun_shot,7132
gun_shot,7134
gun_shot,7135
gun_shot,7139
gun_shot,7146
gun_shot,7147
gun_shot,7152
gun_shot,7158
gun_shot,7160
gun_shot,7164
gun_shot,7165
gun_shot,7166
gun_shot,7167
gun_shot,7168
gun_shot,7173
gun_shot,7181
gun_shot,7182
gun_shot,7183
gun_shot,7184
gun_shot,7186
gun_shot,7188
gun_shot,7189
gun_shot,7192
gun_shot,7193
gun_shot,7199
gun_shot,7208
gun_shot,7209
gun_shot,7210
gun_shot,7214
gun_shot,7219
gun_shot,7220
gun_shot,7225
gun_shot,7229
gun_shot,7230
gun_shot,7234
gun_shot,7236
gun_shot,7237
gun_shot,7238
gun_shot,7239
gun_shot,7243
gun_shot,7246
gun_shot,7248
gun_shot,7254
gun_shot,7255
gun_shot,7261
gun_shot,7266
gun_shot,7267
gun_shot,7268
gun_shot,7270
gun_shot,7271
gun_shot,7273
gun_shot,7276
gun_shot,7281
gun_shot,7282
gun_shot,7283
gun_shot,7286
gun_shot,7288
gun_shot,7289
gun_shot,7290
gun_shot,7291
gun_shot,7293
gun_shot,7295
gun_shot,7296
gun_shot,7299
gun_shot,7300
gun_shot,7301
gun_shot,7303
gun_shot,7304
gun_shot,7306
gun_shot,7308
gun_shot,7310
gun_shot,7312
gun_shot,7314
gun_shot,7317
gun_shot,7318
gun_shot,7324
gun_shot,7325
gun_shot,7327
gun_shot,7334
gun_shot,7335
gun_shot,7339
gun_shot,7341
gun_shot,7342
gun_shot,7348
gun_shot,7350
gun_shot,7351
gun_shot,7353
gun_shot,7355
gun_shot,7356
gun_shot,7357
gun_shot,7363
gun_shot,7365
gun_shot,7368
gun_shot,7371
gun_shot,7373
gun_shot,7390
gun_shot,7391
gun_shot,7393
gun_shot,7394
gun_shot,7395
gun_shot,7396
gun_shot,7397
gun_shot,7402
gun_shot,7406
gun_shot,7407
gun_shot,7411
gun_shot,7413
gun_shot,7415
gun_shot,7416
gun_shot,7420
gun_shot,7421
gun_shot,7422
gun_shot,7427
gun_shot,7428
gun_shot,7433
gun_shot,7434
gun_shot,7435
gun_shot,7438
gun_shot,7440
gun_shot,7441
gun_shot,7442
gun_shot,7444
gun_shot,7445
gun_shot,7453
gun_shot,7454
gun_shot,7461
gun_shot,7464
gun_shot,7466
gun_shot,7470
gun_shot,7473
gun_shot,7474
gun_shot,7477
gun_shot,7480
gun_shot,7481
gun_shot,7484
gun_shot,7485
gun_shot,7486
gun_shot,7487
gun_shot,7489
gun_shot,7491
gun_shot,7492
gun_shot,7496
gun_shot,7498
gun_shot,7502
gun_shot,7511
gun_shot,7512
gun_shot,7514
gun_shot,7515
gun_shot,7517
gun_shot,7526
gun_shot,7527
gun_shot,7533
gun_shot,7534
gun_shot,7535
gun_shot,7536
gun_shot,7537
gun_shot,7540
gun_shot,7544
gun_shot,7545
gun_shot,7546
gun_shot,7549
gun_shot,7551
gun_shot,7554
gun_shot,7555
gun_shot,7557
gun_shot,7559
gun_shot,7562
gun_shot,7564
gun_shot,7571
gun_shot,7572
gun_shot,7575
gun_shot,7583
gun_shot,7587
gun_shot,7588
gun_shot,7590
gun_shot,7591
gun_shot,7594
gun_shot,7603
gun_shot,7605
gun_shot,7606
gun_shot,7608
gun_shot,7615
gun_shot,7616
gun_shot,7621
gun_shot,7624
gun_shot,7627
gun_shot,7628
gun_shot,7630
gun_shot,7632
gun_shot,7635
gun_shot,7637
gun_shot,7640
gun_shot,7643
gun_shot,7647
gun_shot,7649
gun_shot,7652
gun_shot,7654
gun_shot,7658
gun_shot,7659
gun_shot,7660
gun_shot,7661
gun_shot,7662
gun_shot,7663
gun_shot,7666
gun_shot,7667
gun_shot,7668
gun_shot,7670
gun_shot,7676
gun_shot,7678
gun_shot,7684
gun_shot,7691
gun_shot,7692
gun_shot,7693
gun_shot,7695
gun_shot,7698
gun_shot,7701
gun_shot,7703
gun_shot,7704
gun_shot,7708
gun_shot,7709
gun_shot,7714
gun_shot,7716
gun_shot,7717
gun_shot,7719
gun_shot,7722
gun_shot,7728
gun_shot,7731
gun_shot,7732
gun_shot,7737
gun_shot,7741
gun_shot,7746
gun_shot,7749
gun_shot,7752
gun_shot,7753
gun_shot,7755
gun_shot,7757
gun_shot,7758
gun_shot,7760
gun_shot,7763
gun_shot,7764
gun_shot,7767
gun_shot,7771
gun_shot,7772
gun_shot,7773
gun_shot,7774
gun_shot,7778
gun_shot,7781
gun_shot,7782
gun_shot,7786
gun_shot,7789
gun_shot,7790
gun_shot,7793
gun_shot,7794
gun_shot,7797
gun_shot,7798
gun_shot,7799
gun_shot,7801
gun_shot,7803
gun_shot,7805
gun_shot,7808
gun_shot,7809
gun_shot,7811
gun_shot,7812
gun_shot,7815
gun_shot,7816
gun_shot,7820
gun_shot,7823
gun_shot,7832
gun_shot,7834
gun_shot,7840
gun_shot,7841
gun_shot,7847
gun_shot,7848
gun_shot,7849
gun_shot,7851
gun_shot,7852
gun_shot,7857
gun_shot,7859
gun_shot,7863
gun_shot,7864
gun_shot,7866
gun_shot,7877
gun_shot,7878
gun_shot,7884
gun_shot,7885
gun_shot,7886
gun_shot,7887
gun_shot,7888
gun_shot,7889
gun_shot,7894
gun_shot,7895
gun_shot,7902
gun_shot,7903
gun_shot,7905
gun_shot,7906
gun_shot,7907
gun_shot,7912
gun_shot,7913
gun_shot,7915
gun_shot,7921
gun_shot,7923
gun_shot,7924
gun_shot,7925
gun_shot,7926
gun_shot,7934
gun_shot,7937
gun_shot,7940
gun_shot,7945
gun_shot,7947
gun_shot,7948
gun_shot,7950
gun_shot,7953
gun_shot,7957
gun_shot,7958
gun_shot,7960
gun_shot,7962
gun_shot,7967
gun_shot,7968
gun_shot,7971
gun_shot,7972
gun_shot,7973
gun_shot,7974
gun_shot,7983
gun_shot,7984
gun_shot,7986
gun_shot,7987
gun_shot,7991
gun_shot,8001
gun_shot,8003
gun_shot,8005
gun_shot,8006
gun_shot,8007
gun_shot,8010
gun_shot,8011
gun_shot,8015
gun_shot,8017
gun_shot,8018
gun_shot,8019
gun_shot,8023
gun_shot,8026
gun_shot,8030
gun_shot,8031
gun_shot,8038
gun_shot,8039
gun_shot,8040
gun_shot,8041
gun_shot,8044
gun_shot,8045
gun_shot,8051
gun_shot,8054
gun_shot,8056
gun_shot,8059
gun_shot,8063
gun_shot,8065
gun_shot,8066
gun_shot,8070
gun_shot,8082
gun_shot,8083
gun_shot,8087
gun_shot,8089
gun_shot,8091
gun_shot,8094
gun_shot,8096
gun_shot,8098
gun_shot,8102
gun_shot,8107
gun_shot,8109
gun_shot,8112
gun_shot,8113
gun_shot,8115
gun_shot,8116
gun_shot,8117
gun_shot,8120
gun_shot,8121
gun_shot,8123
gun_shot,8124
gun_shot,8126
gun_shot,8129
gun_shot,8132
gun_shot,8134
gun_shot,8136
gun_shot,8138
gun_shot,8139
gun_shot,8141
gun_shot,8147
gun_shot,8149
gun_shot,8153
gun_shot,8157
gun_shot,8158
gun_shot,8159
gun_shot,8160
gun_shot,8162
gun_shot,8163
gun_shot,8164
gun_shot,8165
gun_shot,8169
gun_shot,8170
gun_shot,8175
gun_shot,8178
gun_shot,8179
gun_shot,8186
gun_shot,8196
gun_shot,8197
gun_shot,8198
gun_shot,8203
gun_shot,8204
gun_shot,8206
gun_shot,8207
gun_shot,8209
gun_shot,8212
gun_shot,8214
gun_shot,8218
gun_shot,8222
gun_shot,8223
gun_shot,8224
gun_shot,8225
gun_shot,8226
gun_shot,8230
gun_shot,8235
gun_shot,8237
gun_shot,8240
gun_shot,8242
gun_shot,8245
gun_shot,8248
gun_shot,8250
gun_shot,8254
gun_shot,8255
gun_shot,8256
gun_shot,8267
gun_shot,8269
gun_shot,8273
gun_shot,8275
gun_shot,8276
gun_shot,8278
gun_shot,8281
gun_shot,8284
gun_shot,8286
gun_shot,8288
gun_shot,8290
gun_shot,8291
gun_shot,8292
gun_shot,8295
gun_shot,8298
gun_shot,8301
gun_shot,8303
gun_shot,8304
gun_shot,8309
gun_shot,8312
gun_shot,8316
gun_shot,8319
gun_shot,8320
gun_shot,8321
gun_shot,8326
gun_shot,8328
gun_shot,8329
gun_shot,8331
gun_shot,8336
gun_shot,8339
gun_shot,8340
gun_shot,8341
gun_shot,8342
gun_shot,8343
gun_shot,8348
gun_shot,8349
gun_shot,8350
gun_shot,8355
gun_shot,8358
gun_shot,8359
gun_shot,8362
gun_shot,8363
gun_shot,8367
gun_shot,8371
gun_shot,8372
gun_shot,8373
gun_shot,8374
gun_shot,8375
gun_shot,8376
gun_shot,8379
gun_shot,8383
gun_shot,8385
gun_shot,8388
gun_shot,8389
gun_shot,8390
gun_shot,8394
gun_shot,8398
gun_shot,8400
gun_shot,8402
gun_shot,8404
gun_shot,8405
gun_shot,8408
gun_shot,8413
gun_shot,8414
gun_shot,8415
gun_shot,8418
gun_shot,8423
gun_shot,8426
gun_shot,8433
gun_shot,8436
gun_shot,8439
gun_shot,8451
gun_shot,8452
gun_shot,8454
gun_shot,8455
gun_shot,8456
gun_shot,8461
gun_shot,8463
gun_shot,8468
gun_shot,8478
gun_shot,8480
gun_shot,8481
gun_shot,8487
gun_shot,8488
gun_shot,8489
gun_shot,8490
gun_shot,8494
gun_shot,8495
gun_shot,8497
gun_shot,8504
gun_shot,8505
gun_shot,8506
gun_shot,8509
gun_shot,8516
gun_shot,8517
gun_shot,8521
gun_shot,8525
gun_shot,8528
gun_shot,8529
gun_shot,8530
gun_shot,8532
gun_shot,8533
gun_shot,8537
gun_shot,8541
gun_shot,8545
gun_shot,8548
gun_shot,8549
gun_shot,8550
gun_shot,8551
gun_shot,8554
gun_shot,8555
gun_shot,8556
gun_shot,8557
gun_shot,8559
gun_shot,8561
gun_shot,8563
gun_shot,8566
gun_shot,8567
gun_shot,8572
gun_shot,8573
gun_shot,8574
gun_shot,8576
gun_shot,8577
gun_shot,8583
gun_shot,8585
gun_shot,8591
gun_shot,8592
gun_shot,8593
gun_shot,8600
gun_shot,8601
gun_shot,8602
gun_shot,8606
gun_shot,8608
gun_shot,8619
gun_shot,8622
gun_shot,8623
gun_shot,8629
gun_shot,8631
gun_shot,8633
gun_shot,8634
gun_shot,8638
gun_shot,8642
gun_shot,8645
gun_shot,8647
gun_shot,8648
gun_shot,8652
gun_shot,8655
gun_shot,8661
gun_shot,8662
gun_shot,8668
gun_shot,8669
gun_shot,8671
gun_shot,8672
gun_shot,8674
gun_shot,8680
gun_shot,8683
gun_shot,8686
gun_shot,8687
gun_shot,8688
gun_shot,8689
gun_shot,8692
gun_shot,8696
gun_shot,8697
gun_shot,8698
gun_shot,8700
gun_shot,8702
gun_shot,8708
gun_shot,8718
gun_shot,8719
gun_shot,8730
gun_shot,8731
